nr,token,link,plik
2,uyf8efks,https://spontaway.com/q/uyf8efks,spontaway-qr-02-uyf8efks.png
3,ut26nj7m,https://spontaway.com/q/ut26nj7m,spontaway-qr-03-ut26nj7m.png
4,6afka2bv,https://spontaway.com/q/6afka2bv,spontaway-qr-04-6afka2bv.png
5,mwj9xyn3,https://spontaway.com/q/mwj9xyn3,spontaway-qr-05-mwj9xyn3.png
6,w6y5auhr,https://spontaway.com/q/w6y5auhr,spontaway-qr-06-w6y5auhr.png
7,eydm2cp6,https://spontaway.com/q/eydm2cp6,spontaway-qr-07-eydm2cp6.png
8,gnmej8jp,https://spontaway.com/q/gnmej8jp,spontaway-qr-08-gnmej8jp.png
9,jgzry5t2,https://spontaway.com/q/jgzry5t2,spontaway-qr-09-jgzry5t2.png
10,2fksa3gm,https://spontaway.com/q/2fksa3gm,spontaway-qr-10-2fksa3gm.png
11,27m3ksqy,https://spontaway.com/q/27m3ksqy,spontaway-qr-11-27m3ksqy.png
12,zuddrg4h,https://spontaway.com/q/zuddrg4h,spontaway-qr-12-zuddrg4h.png
13,qmv7zaam,https://spontaway.com/q/qmv7zaam,spontaway-qr-13-qmv7zaam.png
14,enqz53gf,https://spontaway.com/q/enqz53gf,spontaway-qr-14-enqz53gf.png
15,s465jqs6,https://spontaway.com/q/s465jqs6,spontaway-qr-15-s465jqs6.png
16,9mex8xbx,https://spontaway.com/q/9mex8xbx,spontaway-qr-16-9mex8xbx.png
17,pmbekv6g,https://spontaway.com/q/pmbekv6g,spontaway-qr-17-pmbekv6g.png
18,nu3qffms,https://spontaway.com/q/nu3qffms,spontaway-qr-18-nu3qffms.png
19,jy7yg6hw,https://spontaway.com/q/jy7yg6hw,spontaway-qr-19-jy7yg6hw.png
20,tbuqdsvn,https://spontaway.com/q/tbuqdsvn,spontaway-qr-20-tbuqdsvn.png
21,d2wbkt3t,https://spontaway.com/q/d2wbkt3t,spontaway-qr-21-d2wbkt3t.png
